question_id,subject_id,difficulty,question,option1,option2,option3,option4,correct_option,explanation,topic,marks
DSA_001,2,Beginner,[Beginner Q-001] What is the worst-case time complexity of linear search on an array of size n?,O(log n),O(n log n),O(n),O(1),option3,Verified evaluation concept for Arrays - Time Complexity confirming 'O(n)' as correct.,Arrays,1
DSA_002,2,Beginner,[Beginner Q-002] What is the key structural benefit of a Linked List over a static array?,Lower memory overhead per element.,Automatic sorting during insertion.,O(1) continuous random access indexing.,Dynamic size allocation and efficient insertions.,option4,Verified evaluation concept for Linked Lists - Dynamic Size confirming 'Dynamic size allocation and efficient insertions.' as correct.,Linked Lists,1
DSA_003,2,Beginner,[Beginner Q-003] Which principal pattern does a standard stack structure strictly observe?,Random Access,"LIFO (Last-In, First-Out)","FIFO (First-In, First-Out)",Priority-based processing,option2,"Verified evaluation concept for Stacks - LIFO confirming 'LIFO (Last-In, First-Out)' as correct.",Stacks,1
DSA_004,2,Beginner,[Beginner Q-004] What is the average search time complexity in a perfectly balanced Binary Search Tree (BST)?,O(n),O(log n),O(n log n),O(1),option2,Verified evaluation concept for Trees - BST Search confirming 'O(log n)' as correct.,Trees,1
DSA_005,2,Beginner,[Beginner Q-005] Which data structure is fundamentally utilized to implement Breadth-First Search (BFS)?,Priority Queue,Stack,Queue,Min-Heap,option3,Verified evaluation concept for Graphs - BFS Structure confirming 'Queue' as correct.,Graphs,1
DSA_006,2,Beginner,[Beginner Q-006] What is the worst-case time complexity of linear search on an array of size n?,O(n log n),O(1),O(n),O(log n),option3,Verified evaluation concept for Arrays - Time Complexity confirming 'O(n)' as correct.,Arrays,1
DSA_007,2,Beginner,[Beginner Q-007] What is the key structural benefit of a Linked List over a static array?,O(1) continuous random access indexing.,Automatic sorting during insertion.,Lower memory overhead per element.,Dynamic size allocation and efficient insertions.,option4,Verified evaluation concept for Linked Lists - Dynamic Size confirming 'Dynamic size allocation and efficient insertions.' as correct.,Linked Lists,1
DSA_008,2,Beginner,[Beginner Q-008] Which principal pattern does a standard stack structure strictly observe?,Priority-based processing,"LIFO (Last-In, First-Out)",Random Access,"FIFO (First-In, First-Out)",option2,"Verified evaluation concept for Stacks - LIFO confirming 'LIFO (Last-In, First-Out)' as correct.",Stacks,1
DSA_009,2,Beginner,[Beginner Q-009] What is the average search time complexity in a perfectly balanced Binary Search Tree (BST)?,O(1),O(log n),O(n log n),O(n),option2,Verified evaluation concept for Trees - BST Search confirming 'O(log n)' as correct.,Trees,1
DSA_010,2,Beginner,[Beginner Q-010] Which data structure is fundamentally utilized to implement Breadth-First Search (BFS)?,Stack,Queue,Min-Heap,Priority Queue,option2,Verified evaluation concept for Graphs - BFS Structure confirming 'Queue' as correct.,Graphs,1
DSA_011,2,Beginner,[Beginner Q-011] What is the worst-case time complexity of linear search on an array of size n?,O(log n),O(1),O(n log n),O(n),option4,Verified evaluation concept for Arrays - Time Complexity confirming 'O(n)' as correct.,Arrays,1
DSA_012,2,Beginner,[Beginner Q-012] What is the key structural benefit of a Linked List over a static array?,Lower memory overhead per element.,O(1) continuous random access indexing.,Dynamic size allocation and efficient insertions.,Automatic sorting during insertion.,option3,Verified evaluation concept for Linked Lists - Dynamic Size confirming 'Dynamic size allocation and efficient insertions.' as correct.,Linked Lists,1
DSA_013,2,Beginner,[Beginner Q-013] Which principal pattern does a standard stack structure strictly observe?,Random Access,"FIFO (First-In, First-Out)","LIFO (Last-In, First-Out)",Priority-based processing,option3,"Verified evaluation concept for Stacks - LIFO confirming 'LIFO (Last-In, First-Out)' as correct.",Stacks,1
DSA_014,2,Beginner,[Beginner Q-014] What is the average search time complexity in a perfectly balanced Binary Search Tree (BST)?,O(n log n),O(n),O(1),O(log n),option4,Verified evaluation concept for Trees - BST Search confirming 'O(log n)' as correct.,Trees,1
DSA_015,2,Beginner,[Beginner Q-015] Which data structure is fundamentally utilized to implement Breadth-First Search (BFS)?,Priority Queue,Stack,Queue,Min-Heap,option3,Verified evaluation concept for Graphs - BFS Structure confirming 'Queue' as correct.,Graphs,1
DSA_016,2,Beginner,[Beginner Q-016] What is the worst-case time complexity of linear search on an array of size n?,O(n),O(1),O(log n),O(n log n),option1,Verified evaluation concept for Arrays - Time Complexity confirming 'O(n)' as correct.,Arrays,1
DSA_017,2,Beginner,[Beginner Q-017] What is the key structural benefit of a Linked List over a static array?,Automatic sorting during insertion.,O(1) continuous random access indexing.,Lower memory overhead per element.,Dynamic size allocation and efficient insertions.,option4,Verified evaluation concept for Linked Lists - Dynamic Size confirming 'Dynamic size allocation and efficient insertions.' as correct.,Linked Lists,1
DSA_018,2,Beginner,[Beginner Q-018] Which principal pattern does a standard stack structure strictly observe?,Priority-based processing,Random Access,"LIFO (Last-In, First-Out)","FIFO (First-In, First-Out)",option3,"Verified evaluation concept for Stacks - LIFO confirming 'LIFO (Last-In, First-Out)' as correct.",Stacks,1
DSA_019,2,Beginner,[Beginner Q-019] What is the average search time complexity in a perfectly balanced Binary Search Tree (BST)?,O(n),O(n log n),O(log n),O(1),option3,Verified evaluation concept for Trees - BST Search confirming 'O(log n)' as correct.,Trees,1
DSA_020,2,Beginner,[Beginner Q-020] Which data structure is fundamentally utilized to implement Breadth-First Search (BFS)?,Min-Heap,Queue,Priority Queue,Stack,option2,Verified evaluation concept for Graphs - BFS Structure confirming 'Queue' as correct.,Graphs,1
DSA_021,2,Beginner,[Beginner Q-021] What is the worst-case time complexity of linear search on an array of size n?,O(n),O(log n),O(n log n),O(1),option1,Verified evaluation concept for Arrays - Time Complexity confirming 'O(n)' as correct.,Arrays,1
DSA_022,2,Beginner,[Beginner Q-022] What is the key structural benefit of a Linked List over a static array?,Lower memory overhead per element.,Dynamic size allocation and efficient insertions.,Automatic sorting during insertion.,O(1) continuous random access indexing.,option2,Verified evaluation concept for Linked Lists - Dynamic Size confirming 'Dynamic size allocation and efficient insertions.' as correct.,Linked Lists,1
DSA_023,2,Beginner,[Beginner Q-023] Which principal pattern does a standard stack structure strictly observe?,"LIFO (Last-In, First-Out)","FIFO (First-In, First-Out)",Priority-based processing,Random Access,option1,"Verified evaluation concept for Stacks - LIFO confirming 'LIFO (Last-In, First-Out)' as correct.",Stacks,1
DSA_024,2,Beginner,[Beginner Q-024] What is the average search time complexity in a perfectly balanced Binary Search Tree (BST)?,O(log n),O(1),O(n log n),O(n),option1,Verified evaluation concept for Trees - BST Search confirming 'O(log n)' as correct.,Trees,1
DSA_025,2,Beginner,[Beginner Q-025] Which data structure is fundamentally utilized to implement Breadth-First Search (BFS)?,Stack,Min-Heap,Queue,Priority Queue,option3,Verified evaluation concept for Graphs - BFS Structure confirming 'Queue' as correct.,Graphs,1
DSA_026,2,Beginner,[Beginner Q-026] What is the worst-case time complexity of linear search on an array of size n?,O(log n),O(n),O(n log n),O(1),option2,Verified evaluation concept for Arrays - Time Complexity confirming 'O(n)' as correct.,Arrays,1
DSA_027,2,Beginner,[Beginner Q-027] What is the key structural benefit of a Linked List over a static array?,O(1) continuous random access indexing.,Dynamic size allocation and efficient insertions.,Automatic sorting during insertion.,Lower memory overhead per element.,option2,Verified evaluation concept for Linked Lists - Dynamic Size confirming 'Dynamic size allocation and efficient insertions.' as correct.,Linked Lists,1
DSA_028,2,Beginner,[Beginner Q-028] Which principal pattern does a standard stack structure strictly observe?,"LIFO (Last-In, First-Out)","FIFO (First-In, First-Out)",Priority-based processing,Random Access,option1,"Verified evaluation concept for Stacks - LIFO confirming 'LIFO (Last-In, First-Out)' as correct.",Stacks,1
DSA_029,2,Beginner,[Beginner Q-029] What is the average search time complexity in a perfectly balanced Binary Search Tree (BST)?,O(n log n),O(log n),O(1),O(n),option2,Verified evaluation concept for Trees - BST Search confirming 'O(log n)' as correct.,Trees,1
DSA_030,2,Beginner,[Beginner Q-030] Which data structure is fundamentally utilized to implement Breadth-First Search (BFS)?,Stack,Min-Heap,Priority Queue,Queue,option4,Verified evaluation concept for Graphs - BFS Structure confirming 'Queue' as correct.,Graphs,1
DSA_031,2,Beginner,[Beginner Q-031] What is the worst-case time complexity of linear search on an array of size n?,O(1),O(log n),O(n log n),O(n),option4,Verified evaluation concept for Arrays - Time Complexity confirming 'O(n)' as correct.,Arrays,1
DSA_032,2,Beginner,[Beginner Q-032] What is the key structural benefit of a Linked List over a static array?,Automatic sorting during insertion.,O(1) continuous random access indexing.,Dynamic size allocation and efficient insertions.,Lower memory overhead per element.,option3,Verified evaluation concept for Linked Lists - Dynamic Size confirming 'Dynamic size allocation and efficient insertions.' as correct.,Linked Lists,1
DSA_033,2,Beginner,[Beginner Q-033] Which principal pattern does a standard stack structure strictly observe?,"LIFO (Last-In, First-Out)",Priority-based processing,Random Access,"FIFO (First-In, First-Out)",option1,"Verified evaluation concept for Stacks - LIFO confirming 'LIFO (Last-In, First-Out)' as correct.",Stacks,1
DSA_034,2,Beginner,[Beginner Q-034] What is the average search time complexity in a perfectly balanced Binary Search Tree (BST)?,O(1),O(log n),O(n log n),O(n),option2,Verified evaluation concept for Trees - BST Search confirming 'O(log n)' as correct.,Trees,1
DSA_035,2,Beginner,[Beginner Q-035] Which data structure is fundamentally utilized to implement Breadth-First Search (BFS)?,Queue,Priority Queue,Min-Heap,Stack,option1,Verified evaluation concept for Graphs - BFS Structure confirming 'Queue' as correct.,Graphs,1
DSA_036,2,Beginner,[Beginner Q-036] What is the worst-case time complexity of linear search on an array of size n?,O(log n),O(1),O(n log n),O(n),option4,Verified evaluation concept for Arrays - Time Complexity confirming 'O(n)' as correct.,Arrays,1
DSA_037,2,Beginner,[Beginner Q-037] What is the key structural benefit of a Linked List over a static array?,Automatic sorting during insertion.,Dynamic size allocation and efficient insertions.,O(1) continuous random access indexing.,Lower memory overhead per element.,option2,Verified evaluation concept for Linked Lists - Dynamic Size confirming 'Dynamic size allocation and efficient insertions.' as correct.,Linked Lists,1
DSA_038,2,Beginner,[Beginner Q-038] Which principal pattern does a standard stack structure strictly observe?,"FIFO (First-In, First-Out)","LIFO (Last-In, First-Out)",Priority-based processing,Random Access,option2,"Verified evaluation concept for Stacks - LIFO confirming 'LIFO (Last-In, First-Out)' as correct.",Stacks,1
DSA_039,2,Beginner,[Beginner Q-039] What is the average search time complexity in a perfectly balanced Binary Search Tree (BST)?,O(1),O(n),O(log n),O(n log n),option3,Verified evaluation concept for Trees - BST Search confirming 'O(log n)' as correct.,Trees,1
DSA_040,2,Beginner,[Beginner Q-040] Which data structure is fundamentally utilized to implement Breadth-First Search (BFS)?,Queue,Stack,Min-Heap,Priority Queue,option1,Verified evaluation concept for Graphs - BFS Structure confirming 'Queue' as correct.,Graphs,1
DSA_041,2,Beginner,[Beginner Q-041] What is the worst-case time complexity of linear search on an array of size n?,O(n),O(1),O(n log n),O(log n),option1,Verified evaluation concept for Arrays - Time Complexity confirming 'O(n)' as correct.,Arrays,1
DSA_042,2,Beginner,[Beginner Q-042] What is the key structural benefit of a Linked List over a static array?,Dynamic size allocation and efficient insertions.,O(1) continuous random access indexing.,Automatic sorting during insertion.,Lower memory overhead per element.,option1,Verified evaluation concept for Linked Lists - Dynamic Size confirming 'Dynamic size allocation and efficient insertions.' as correct.,Linked Lists,1
DSA_043,2,Beginner,[Beginner Q-043] Which principal pattern does a standard stack structure strictly observe?,Random Access,"LIFO (Last-In, First-Out)",Priority-based processing,"FIFO (First-In, First-Out)",option2,"Verified evaluation concept for Stacks - LIFO confirming 'LIFO (Last-In, First-Out)' as correct.",Stacks,1
DSA_044,2,Beginner,[Beginner Q-044] What is the average search time complexity in a perfectly balanced Binary Search Tree (BST)?,O(n log n),O(1),O(n),O(log n),option4,Verified evaluation concept for Trees - BST Search confirming 'O(log n)' as correct.,Trees,1
DSA_045,2,Beginner,[Beginner Q-045] Which data structure is fundamentally utilized to implement Breadth-First Search (BFS)?,Queue,Priority Queue,Stack,Min-Heap,option1,Verified evaluation concept for Graphs - BFS Structure confirming 'Queue' as correct.,Graphs,1
DSA_046,2,Beginner,[Beginner Q-046] What is the worst-case time complexity of linear search on an array of size n?,O(1),O(log n),O(n),O(n log n),option3,Verified evaluation concept for Arrays - Time Complexity confirming 'O(n)' as correct.,Arrays,1
DSA_047,2,Beginner,[Beginner Q-047] What is the key structural benefit of a Linked List over a static array?,Automatic sorting during insertion.,Lower memory overhead per element.,Dynamic size allocation and efficient insertions.,O(1) continuous random access indexing.,option3,Verified evaluation concept for Linked Lists - Dynamic Size confirming 'Dynamic size allocation and efficient insertions.' as correct.,Linked Lists,1
DSA_048,2,Beginner,[Beginner Q-048] Which principal pattern does a standard stack structure strictly observe?,Priority-based processing,Random Access,"LIFO (Last-In, First-Out)","FIFO (First-In, First-Out)",option3,"Verified evaluation concept for Stacks - LIFO confirming 'LIFO (Last-In, First-Out)' as correct.",Stacks,1
DSA_049,2,Beginner,[Beginner Q-049] What is the average search time complexity in a perfectly balanced Binary Search Tree (BST)?,O(log n),O(n),O(n log n),O(1),option1,Verified evaluation concept for Trees - BST Search confirming 'O(log n)' as correct.,Trees,1
DSA_050,2,Beginner,[Beginner Q-050] Which data structure is fundamentally utilized to implement Breadth-First Search (BFS)?,Priority Queue,Stack,Queue,Min-Heap,option3,Verified evaluation concept for Graphs - BFS Structure confirming 'Queue' as correct.,Graphs,1
DSA_051,2,Beginner,[Beginner Q-051] What is the worst-case time complexity of linear search on an array of size n?,O(log n),O(n),O(1),O(n log n),option2,Verified evaluation concept for Arrays - Time Complexity confirming 'O(n)' as correct.,Arrays,1
DSA_052,2,Beginner,[Beginner Q-052] What is the key structural benefit of a Linked List over a static array?,Dynamic size allocation and efficient insertions.,Automatic sorting during insertion.,O(1) continuous random access indexing.,Lower memory overhead per element.,option1,Verified evaluation concept for Linked Lists - Dynamic Size confirming 'Dynamic size allocation and efficient insertions.' as correct.,Linked Lists,1
DSA_053,2,Beginner,[Beginner Q-053] Which principal pattern does a standard stack structure strictly observe?,Priority-based processing,"FIFO (First-In, First-Out)",Random Access,"LIFO (Last-In, First-Out)",option4,"Verified evaluation concept for Stacks - LIFO confirming 'LIFO (Last-In, First-Out)' as correct.",Stacks,1
DSA_054,2,Beginner,[Beginner Q-054] What is the average search time complexity in a perfectly balanced Binary Search Tree (BST)?,O(1),O(n),O(log n),O(n log n),option3,Verified evaluation concept for Trees - BST Search confirming 'O(log n)' as correct.,Trees,1
DSA_055,2,Beginner,[Beginner Q-055] Which data structure is fundamentally utilized to implement Breadth-First Search (BFS)?,Queue,Stack,Min-Heap,Priority Queue,option1,Verified evaluation concept for Graphs - BFS Structure confirming 'Queue' as correct.,Graphs,1
DSA_056,2,Beginner,[Beginner Q-056] What is the worst-case time complexity of linear search on an array of size n?,O(n),O(1),O(log n),O(n log n),option1,Verified evaluation concept for Arrays - Time Complexity confirming 'O(n)' as correct.,Arrays,1
DSA_057,2,Beginner,[Beginner Q-057] What is the key structural benefit of a Linked List over a static array?,Automatic sorting during insertion.,Dynamic size allocation and efficient insertions.,Lower memory overhead per element.,O(1) continuous random access indexing.,option2,Verified evaluation concept for Linked Lists - Dynamic Size confirming 'Dynamic size allocation and efficient insertions.' as correct.,Linked Lists,1
DSA_058,2,Beginner,[Beginner Q-058] Which principal pattern does a standard stack structure strictly observe?,Random Access,"FIFO (First-In, First-Out)","LIFO (Last-In, First-Out)",Priority-based processing,option3,"Verified evaluation concept for Stacks - LIFO confirming 'LIFO (Last-In, First-Out)' as correct.",Stacks,1
DSA_059,2,Beginner,[Beginner Q-059] What is the average search time complexity in a perfectly balanced Binary Search Tree (BST)?,O(log n),O(1),O(n log n),O(n),option1,Verified evaluation concept for Trees - BST Search confirming 'O(log n)' as correct.,Trees,1
DSA_060,2,Beginner,[Beginner Q-060] Which data structure is fundamentally utilized to implement Breadth-First Search (BFS)?,Queue,Min-Heap,Priority Queue,Stack,option1,Verified evaluation concept for Graphs - BFS Structure confirming 'Queue' as correct.,Graphs,1
DSA_061,2,Beginner,[Beginner Q-061] What is the worst-case time complexity of linear search on an array of size n?,O(n),O(log n),O(n log n),O(1),option1,Verified evaluation concept for Arrays - Time Complexity confirming 'O(n)' as correct.,Arrays,1
DSA_062,2,Beginner,[Beginner Q-062] What is the key structural benefit of a Linked List over a static array?,Lower memory overhead per element.,O(1) continuous random access indexing.,Dynamic size allocation and efficient insertions.,Automatic sorting during insertion.,option3,Verified evaluation concept for Linked Lists - Dynamic Size confirming 'Dynamic size allocation and efficient insertions.' as correct.,Linked Lists,1
DSA_063,2,Beginner,[Beginner Q-063] Which principal pattern does a standard stack structure strictly observe?,Priority-based processing,"FIFO (First-In, First-Out)","LIFO (Last-In, First-Out)",Random Access,option3,"Verified evaluation concept for Stacks - LIFO confirming 'LIFO (Last-In, First-Out)' as correct.",Stacks,1
DSA_064,2,Beginner,[Beginner Q-064] What is the average search time complexity in a perfectly balanced Binary Search Tree (BST)?,O(1),O(n log n),O(n),O(log n),option4,Verified evaluation concept for Trees - BST Search confirming 'O(log n)' as correct.,Trees,1
DSA_065,2,Beginner,[Beginner Q-065] Which data structure is fundamentally utilized to implement Breadth-First Search (BFS)?,Min-Heap,Priority Queue,Queue,Stack,option3,Verified evaluation concept for Graphs - BFS Structure confirming 'Queue' as correct.,Graphs,1
DSA_066,2,Beginner,[Beginner Q-066] What is the worst-case time complexity of linear search on an array of size n?,O(1),O(n log n),O(log n),O(n),option4,Verified evaluation concept for Arrays - Time Complexity confirming 'O(n)' as correct.,Arrays,1
DSA_067,2,Beginner,[Beginner Q-067] What is the key structural benefit of a Linked List over a static array?,O(1) continuous random access indexing.,Automatic sorting during insertion.,Dynamic size allocation and efficient insertions.,Lower memory overhead per element.,option3,Verified evaluation concept for Linked Lists - Dynamic Size confirming 'Dynamic size allocation and efficient insertions.' as correct.,Linked Lists,1
DSA_068,2,Beginner,[Beginner Q-068] Which principal pattern does a standard stack structure strictly observe?,"LIFO (Last-In, First-Out)",Priority-based processing,Random Access,"FIFO (First-In, First-Out)",option1,"Verified evaluation concept for Stacks - LIFO confirming 'LIFO (Last-In, First-Out)' as correct.",Stacks,1
DSA_069,2,Beginner,[Beginner Q-069] What is the average search time complexity in a perfectly balanced Binary Search Tree (BST)?,O(n log n),O(n),O(1),O(log n),option4,Verified evaluation concept for Trees - BST Search confirming 'O(log n)' as correct.,Trees,1
DSA_070,2,Beginner,[Beginner Q-070] Which data structure is fundamentally utilized to implement Breadth-First Search (BFS)?,Stack,Priority Queue,Queue,Min-Heap,option3,Verified evaluation concept for Graphs - BFS Structure confirming 'Queue' as correct.,Graphs,1
DSA_071,2,Beginner,[Beginner Q-071] What is the worst-case time complexity of linear search on an array of size n?,O(n log n),O(log n),O(n),O(1),option3,Verified evaluation concept for Arrays - Time Complexity confirming 'O(n)' as correct.,Arrays,1
DSA_072,2,Beginner,[Beginner Q-072] What is the key structural benefit of a Linked List over a static array?,Lower memory overhead per element.,O(1) continuous random access indexing.,Automatic sorting during insertion.,Dynamic size allocation and efficient insertions.,option4,Verified evaluation concept for Linked Lists - Dynamic Size confirming 'Dynamic size allocation and efficient insertions.' as correct.,Linked Lists,1
DSA_073,2,Beginner,[Beginner Q-073] Which principal pattern does a standard stack structure strictly observe?,Priority-based processing,Random Access,"LIFO (Last-In, First-Out)","FIFO (First-In, First-Out)",option3,"Verified evaluation concept for Stacks - LIFO confirming 'LIFO (Last-In, First-Out)' as correct.",Stacks,1
DSA_074,2,Beginner,[Beginner Q-074] What is the average search time complexity in a perfectly balanced Binary Search Tree (BST)?,O(n log n),O(log n),O(1),O(n),option2,Verified evaluation concept for Trees - BST Search confirming 'O(log n)' as correct.,Trees,1
DSA_075,2,Beginner,[Beginner Q-075] Which data structure is fundamentally utilized to implement Breadth-First Search (BFS)?,Stack,Priority Queue,Min-Heap,Queue,option4,Verified evaluation concept for Graphs - BFS Structure confirming 'Queue' as correct.,Graphs,1
DSA_076,2,Beginner,[Beginner Q-076] What is the worst-case time complexity of linear search on an array of size n?,O(log n),O(n),O(n log n),O(1),option2,Verified evaluation concept for Arrays - Time Complexity confirming 'O(n)' as correct.,Arrays,1
DSA_077,2,Beginner,[Beginner Q-077] What is the key structural benefit of a Linked List over a static array?,Lower memory overhead per element.,Automatic sorting during insertion.,Dynamic size allocation and efficient insertions.,O(1) continuous random access indexing.,option3,Verified evaluation concept for Linked Lists - Dynamic Size confirming 'Dynamic size allocation and efficient insertions.' as correct.,Linked Lists,1
DSA_078,2,Beginner,[Beginner Q-078] Which principal pattern does a standard stack structure strictly observe?,Priority-based processing,"LIFO (Last-In, First-Out)","FIFO (First-In, First-Out)",Random Access,option2,"Verified evaluation concept for Stacks - LIFO confirming 'LIFO (Last-In, First-Out)' as correct.",Stacks,1
DSA_079,2,Beginner,[Beginner Q-079] What is the average search time complexity in a perfectly balanced Binary Search Tree (BST)?,O(n),O(1),O(n log n),O(log n),option4,Verified evaluation concept for Trees - BST Search confirming 'O(log n)' as correct.,Trees,1
DSA_080,2,Beginner,[Beginner Q-080] Which data structure is fundamentally utilized to implement Breadth-First Search (BFS)?,Priority Queue,Min-Heap,Stack,Queue,option4,Verified evaluation concept for Graphs - BFS Structure confirming 'Queue' as correct.,Graphs,1
DSA_081,2,Intermediate,[Intermediate Q-081] What is the worst-case time complexity of linear search on an array of size n?,O(log n),O(n),O(n log n),O(1),option2,Verified evaluation concept for Arrays - Time Complexity confirming 'O(n)' as correct.,Arrays,1
DSA_082,2,Intermediate,[Intermediate Q-082] What is the key structural benefit of a Linked List over a static array?,Dynamic size allocation and efficient insertions.,Automatic sorting during insertion.,O(1) continuous random access indexing.,Lower memory overhead per element.,option1,Verified evaluation concept for Linked Lists - Dynamic Size confirming 'Dynamic size allocation and efficient insertions.' as correct.,Linked Lists,1
DSA_083,2,Intermediate,[Intermediate Q-083] Which principal pattern does a standard stack structure strictly observe?,Random Access,"FIFO (First-In, First-Out)","LIFO (Last-In, First-Out)",Priority-based processing,option3,"Verified evaluation concept for Stacks - LIFO confirming 'LIFO (Last-In, First-Out)' as correct.",Stacks,1
DSA_084,2,Intermediate,[Intermediate Q-084] What is the average search time complexity in a perfectly balanced Binary Search Tree (BST)?,O(log n),O(1),O(n log n),O(n),option1,Verified evaluation concept for Trees - BST Search confirming 'O(log n)' as correct.,Trees,1
DSA_085,2,Intermediate,[Intermediate Q-085] Which data structure is fundamentally utilized to implement Breadth-First Search (BFS)?,Queue,Priority Queue,Stack,Min-Heap,option1,Verified evaluation concept for Graphs - BFS Structure confirming 'Queue' as correct.,Graphs,1
DSA_086,2,Intermediate,[Intermediate Q-086] What is the worst-case time complexity of linear search on an array of size n?,O(n),O(log n),O(1),O(n log n),option1,Verified evaluation concept for Arrays - Time Complexity confirming 'O(n)' as correct.,Arrays,1
DSA_087,2,Intermediate,[Intermediate Q-087] What is the key structural benefit of a Linked List over a static array?,Dynamic size allocation and efficient insertions.,Automatic sorting during insertion.,Lower memory overhead per element.,O(1) continuous random access indexing.,option1,Verified evaluation concept for Linked Lists - Dynamic Size confirming 'Dynamic size allocation and efficient insertions.' as correct.,Linked Lists,1
DSA_088,2,Intermediate,[Intermediate Q-088] Which principal pattern does a standard stack structure strictly observe?,Random Access,"FIFO (First-In, First-Out)","LIFO (Last-In, First-Out)",Priority-based processing,option3,"Verified evaluation concept for Stacks - LIFO confirming 'LIFO (Last-In, First-Out)' as correct.",Stacks,1
DSA_089,2,Intermediate,[Intermediate Q-089] What is the average search time complexity in a perfectly balanced Binary Search Tree (BST)?,O(n),O(1),O(n log n),O(log n),option4,Verified evaluation concept for Trees - BST Search confirming 'O(log n)' as correct.,Trees,1
DSA_090,2,Intermediate,[Intermediate Q-090] Which data structure is fundamentally utilized to implement Breadth-First Search (BFS)?,Min-Heap,Queue,Priority Queue,Stack,option2,Verified evaluation concept for Graphs - BFS Structure confirming 'Queue' as correct.,Graphs,1
DSA_091,2,Intermediate,[Intermediate Q-091] What is the worst-case time complexity of linear search on an array of size n?,O(n log n),O(log n),O(1),O(n),option4,Verified evaluation concept for Arrays - Time Complexity confirming 'O(n)' as correct.,Arrays,1
DSA_092,2,Intermediate,[Intermediate Q-092] What is the key structural benefit of a Linked List over a static array?,O(1) continuous random access indexing.,Automatic sorting during insertion.,Dynamic size allocation and efficient insertions.,Lower memory overhead per element.,option3,Verified evaluation concept for Linked Lists - Dynamic Size confirming 'Dynamic size allocation and efficient insertions.' as correct.,Linked Lists,1
DSA_093,2,Intermediate,[Intermediate Q-093] Which principal pattern does a standard stack structure strictly observe?,"LIFO (Last-In, First-Out)",Random Access,"FIFO (First-In, First-Out)",Priority-based processing,option1,"Verified evaluation concept for Stacks - LIFO confirming 'LIFO (Last-In, First-Out)' as correct.",Stacks,1
DSA_094,2,Intermediate,[Intermediate Q-094] What is the average search time complexity in a perfectly balanced Binary Search Tree (BST)?,O(log n),O(1),O(n log n),O(n),option1,Verified evaluation concept for Trees - BST Search confirming 'O(log n)' as correct.,Trees,1
DSA_095,2,Intermediate,[Intermediate Q-095] Which data structure is fundamentally utilized to implement Breadth-First Search (BFS)?,Min-Heap,Priority Queue,Stack,Queue,option4,Verified evaluation concept for Graphs - BFS Structure confirming 'Queue' as correct.,Graphs,1
DSA_096,2,Intermediate,[Intermediate Q-096] What is the worst-case time complexity of linear search on an array of size n?,O(n),O(1),O(n log n),O(log n),option1,Verified evaluation concept for Arrays - Time Complexity confirming 'O(n)' as correct.,Arrays,1
DSA_097,2,Intermediate,[Intermediate Q-097] What is the key structural benefit of a Linked List over a static array?,Dynamic size allocation and efficient insertions.,Automatic sorting during insertion.,O(1) continuous random access indexing.,Lower memory overhead per element.,option1,Verified evaluation concept for Linked Lists - Dynamic Size confirming 'Dynamic size allocation and efficient insertions.' as correct.,Linked Lists,1
DSA_098,2,Intermediate,[Intermediate Q-098] Which principal pattern does a standard stack structure strictly observe?,Priority-based processing,"FIFO (First-In, First-Out)",Random Access,"LIFO (Last-In, First-Out)",option4,"Verified evaluation concept for Stacks - LIFO confirming 'LIFO (Last-In, First-Out)' as correct.",Stacks,1
DSA_099,2,Intermediate,[Intermediate Q-099] What is the average search time complexity in a perfectly balanced Binary Search Tree (BST)?,O(1),O(log n),O(n),O(n log n),option2,Verified evaluation concept for Trees - BST Search confirming 'O(log n)' as correct.,Trees,1
DSA_100,2,Intermediate,[Intermediate Q-100] Which data structure is fundamentally utilized to implement Breadth-First Search (BFS)?,Min-Heap,Queue,Priority Queue,Stack,option2,Verified evaluation concept for Graphs - BFS Structure confirming 'Queue' as correct.,Graphs,1
DSA_101,2,Intermediate,[Intermediate Q-101] What is the worst-case time complexity of linear search on an array of size n?,O(1),O(n log n),O(n),O(log n),option3,Verified evaluation concept for Arrays - Time Complexity confirming 'O(n)' as correct.,Arrays,1
DSA_102,2,Intermediate,[Intermediate Q-102] What is the key structural benefit of a Linked List over a static array?,O(1) continuous random access indexing.,Lower memory overhead per element.,Dynamic size allocation and efficient insertions.,Automatic sorting during insertion.,option3,Verified evaluation concept for Linked Lists - Dynamic Size confirming 'Dynamic size allocation and efficient insertions.' as correct.,Linked Lists,1
DSA_103,2,Intermediate,[Intermediate Q-103] Which principal pattern does a standard stack structure strictly observe?,"LIFO (Last-In, First-Out)","FIFO (First-In, First-Out)",Priority-based processing,Random Access,option1,"Verified evaluation concept for Stacks - LIFO confirming 'LIFO (Last-In, First-Out)' as correct.",Stacks,1
DSA_104,2,Intermediate,[Intermediate Q-104] What is the average search time complexity in a perfectly balanced Binary Search Tree (BST)?,O(1),O(n log n),O(log n),O(n),option3,Verified evaluation concept for Trees - BST Search confirming 'O(log n)' as correct.,Trees,1
DSA_105,2,Intermediate,[Intermediate Q-105] Which data structure is fundamentally utilized to implement Breadth-First Search (BFS)?,Min-Heap,Queue,Priority Queue,Stack,option2,Verified evaluation concept for Graphs - BFS Structure confirming 'Queue' as correct.,Graphs,1
DSA_106,2,Intermediate,[Intermediate Q-106] What is the worst-case time complexity of linear search on an array of size n?,O(n),O(log n),O(n log n),O(1),option1,Verified evaluation concept for Arrays - Time Complexity confirming 'O(n)' as correct.,Arrays,1
DSA_107,2,Intermediate,[Intermediate Q-107] What is the key structural benefit of a Linked List over a static array?,Lower memory overhead per element.,O(1) continuous random access indexing.,Automatic sorting during insertion.,Dynamic size allocation and efficient insertions.,option4,Verified evaluation concept for Linked Lists - Dynamic Size confirming 'Dynamic size allocation and efficient insertions.' as correct.,Linked Lists,1
DSA_108,2,Intermediate,[Intermediate Q-108] Which principal pattern does a standard stack structure strictly observe?,Random Access,"FIFO (First-In, First-Out)","LIFO (Last-In, First-Out)",Priority-based processing,option3,"Verified evaluation concept for Stacks - LIFO confirming 'LIFO (Last-In, First-Out)' as correct.",Stacks,1
DSA_109,2,Intermediate,[Intermediate Q-109] What is the average search time complexity in a perfectly balanced Binary Search Tree (BST)?,O(log n),O(1),O(n),O(n log n),option1,Verified evaluation concept for Trees - BST Search confirming 'O(log n)' as correct.,Trees,1
DSA_110,2,Intermediate,[Intermediate Q-110] Which data structure is fundamentally utilized to implement Breadth-First Search (BFS)?,Min-Heap,Stack,Priority Queue,Queue,option4,Verified evaluation concept for Graphs - BFS Structure confirming 'Queue' as correct.,Graphs,1
DSA_111,2,Intermediate,[Intermediate Q-111] What is the worst-case time complexity of linear search on an array of size n?,O(1),O(log n),O(n log n),O(n),option4,Verified evaluation concept for Arrays - Time Complexity confirming 'O(n)' as correct.,Arrays,1
DSA_112,2,Intermediate,[Intermediate Q-112] What is the key structural benefit of a Linked List over a static array?,Dynamic size allocation and efficient insertions.,Lower memory overhead per element.,Automatic sorting during insertion.,O(1) continuous random access indexing.,option1,Verified evaluation concept for Linked Lists - Dynamic Size confirming 'Dynamic size allocation and efficient insertions.' as correct.,Linked Lists,1
DSA_113,2,Intermediate,[Intermediate Q-113] Which principal pattern does a standard stack structure strictly observe?,"LIFO (Last-In, First-Out)",Priority-based processing,Random Access,"FIFO (First-In, First-Out)",option1,"Verified evaluation concept for Stacks - LIFO confirming 'LIFO (Last-In, First-Out)' as correct.",Stacks,1
DSA_114,2,Intermediate,[Intermediate Q-114] What is the average search time complexity in a perfectly balanced Binary Search Tree (BST)?,O(n),O(1),O(log n),O(n log n),option3,Verified evaluation concept for Trees - BST Search confirming 'O(log n)' as correct.,Trees,1
DSA_115,2,Intermediate,[Intermediate Q-115] Which data structure is fundamentally utilized to implement Breadth-First Search (BFS)?,Min-Heap,Priority Queue,Stack,Queue,option4,Verified evaluation concept for Graphs - BFS Structure confirming 'Queue' as correct.,Graphs,1
DSA_116,2,Intermediate,[Intermediate Q-116] What is the worst-case time complexity of linear search on an array of size n?,O(n log n),O(log n),O(1),O(n),option4,Verified evaluation concept for Arrays - Time Complexity confirming 'O(n)' as correct.,Arrays,1
DSA_117,2,Intermediate,[Intermediate Q-117] What is the key structural benefit of a Linked List over a static array?,O(1) continuous random access indexing.,Dynamic size allocation and efficient insertions.,Lower memory overhead per element.,Automatic sorting during insertion.,option2,Verified evaluation concept for Linked Lists - Dynamic Size confirming 'Dynamic size allocation and efficient insertions.' as correct.,Linked Lists,1
DSA_118,2,Intermediate,[Intermediate Q-118] Which principal pattern does a standard stack structure strictly observe?,Priority-based processing,"LIFO (Last-In, First-Out)",Random Access,"FIFO (First-In, First-Out)",option2,"Verified evaluation concept for Stacks - LIFO confirming 'LIFO (Last-In, First-Out)' as correct.",Stacks,1
DSA_119,2,Intermediate,[Intermediate Q-119] What is the average search time complexity in a perfectly balanced Binary Search Tree (BST)?,O(1),O(log n),O(n log n),O(n),option2,Verified evaluation concept for Trees - BST Search confirming 'O(log n)' as correct.,Trees,1
DSA_120,2,Intermediate,[Intermediate Q-120] Which data structure is fundamentally utilized to implement Breadth-First Search (BFS)?,Min-Heap,Priority Queue,Stack,Queue,option4,Verified evaluation concept for Graphs - BFS Structure confirming 'Queue' as correct.,Graphs,1
DSA_121,2,Intermediate,[Intermediate Q-121] What is the worst-case time complexity of linear search on an array of size n?,O(log n),O(n log n),O(n),O(1),option3,Verified evaluation concept for Arrays - Time Complexity confirming 'O(n)' as correct.,Arrays,1
DSA_122,2,Intermediate,[Intermediate Q-122] What is the key structural benefit of a Linked List over a static array?,O(1) continuous random access indexing.,Dynamic size allocation and efficient insertions.,Automatic sorting during insertion.,Lower memory overhead per element.,option2,Verified evaluation concept for Linked Lists - Dynamic Size confirming 'Dynamic size allocation and efficient insertions.' as correct.,Linked Lists,1
DSA_123,2,Intermediate,[Intermediate Q-123] Which principal pattern does a standard stack structure strictly observe?,Priority-based processing,"LIFO (Last-In, First-Out)",Random Access,"FIFO (First-In, First-Out)",option2,"Verified evaluation concept for Stacks - LIFO confirming 'LIFO (Last-In, First-Out)' as correct.",Stacks,1
DSA_124,2,Intermediate,[Intermediate Q-124] What is the average search time complexity in a perfectly balanced Binary Search Tree (BST)?,O(n),O(1),O(n log n),O(log n),option4,Verified evaluation concept for Trees - BST Search confirming 'O(log n)' as correct.,Trees,1
DSA_125,2,Intermediate,[Intermediate Q-125] Which data structure is fundamentally utilized to implement Breadth-First Search (BFS)?,Stack,Priority Queue,Min-Heap,Queue,option4,Verified evaluation concept for Graphs - BFS Structure confirming 'Queue' as correct.,Graphs,1
DSA_126,2,Intermediate,[Intermediate Q-126] What is the worst-case time complexity of linear search on an array of size n?,O(n),O(n log n),O(log n),O(1),option1,Verified evaluation concept for Arrays - Time Complexity confirming 'O(n)' as correct.,Arrays,1
DSA_127,2,Intermediate,[Intermediate Q-127] What is the key structural benefit of a Linked List over a static array?,Dynamic size allocation and efficient insertions.,Automatic sorting during insertion.,Lower memory overhead per element.,O(1) continuous random access indexing.,option1,Verified evaluation concept for Linked Lists - Dynamic Size confirming 'Dynamic size allocation and efficient insertions.' as correct.,Linked Lists,1
DSA_128,2,Intermediate,[Intermediate Q-128] Which principal pattern does a standard stack structure strictly observe?,Random Access,"LIFO (Last-In, First-Out)","FIFO (First-In, First-Out)",Priority-based processing,option2,"Verified evaluation concept for Stacks - LIFO confirming 'LIFO (Last-In, First-Out)' as correct.",Stacks,1
DSA_129,2,Intermediate,[Intermediate Q-129] What is the average search time complexity in a perfectly balanced Binary Search Tree (BST)?,O(1),O(log n),O(n),O(n log n),option2,Verified evaluation concept for Trees - BST Search confirming 'O(log n)' as correct.,Trees,1
DSA_130,2,Intermediate,[Intermediate Q-130] Which data structure is fundamentally utilized to implement Breadth-First Search (BFS)?,Stack,Queue,Priority Queue,Min-Heap,option2,Verified evaluation concept for Graphs - BFS Structure confirming 'Queue' as correct.,Graphs,1
DSA_131,2,Intermediate,[Intermediate Q-131] What is the worst-case time complexity of linear search on an array of size n?,O(1),O(n),O(log n),O(n log n),option2,Verified evaluation concept for Arrays - Time Complexity confirming 'O(n)' as correct.,Arrays,1
DSA_132,2,Intermediate,[Intermediate Q-132] What is the key structural benefit of a Linked List over a static array?,O(1) continuous random access indexing.,Lower memory overhead per element.,Automatic sorting during insertion.,Dynamic size allocation and efficient insertions.,option4,Verified evaluation concept for Linked Lists - Dynamic Size confirming 'Dynamic size allocation and efficient insertions.' as correct.,Linked Lists,1
DSA_133,2,Intermediate,[Intermediate Q-133] Which principal pattern does a standard stack structure strictly observe?,"FIFO (First-In, First-Out)",Priority-based processing,Random Access,"LIFO (Last-In, First-Out)",option4,"Verified evaluation concept for Stacks - LIFO confirming 'LIFO (Last-In, First-Out)' as correct.",Stacks,1
DSA_134,2,Intermediate,[Intermediate Q-134] What is the average search time complexity in a perfectly balanced Binary Search Tree (BST)?,O(1),O(n),O(n log n),O(log n),option4,Verified evaluation concept for Trees - BST Search confirming 'O(log n)' as correct.,Trees,1
DSA_135,2,Intermediate,[Intermediate Q-135] Which data structure is fundamentally utilized to implement Breadth-First Search (BFS)?,Stack,Priority Queue,Min-Heap,Queue,option4,Verified evaluation concept for Graphs - BFS Structure confirming 'Queue' as correct.,Graphs,1
DSA_136,2,Intermediate,[Intermediate Q-136] What is the worst-case time complexity of linear search on an array of size n?,O(log n),O(n),O(n log n),O(1),option2,Verified evaluation concept for Arrays - Time Complexity confirming 'O(n)' as correct.,Arrays,1
DSA_137,2,Intermediate,[Intermediate Q-137] What is the key structural benefit of a Linked List over a static array?,Automatic sorting during insertion.,Lower memory overhead per element.,Dynamic size allocation and efficient insertions.,O(1) continuous random access indexing.,option3,Verified evaluation concept for Linked Lists - Dynamic Size confirming 'Dynamic size allocation and efficient insertions.' as correct.,Linked Lists,1
DSA_138,2,Intermediate,[Intermediate Q-138] Which principal pattern does a standard stack structure strictly observe?,Priority-based processing,"LIFO (Last-In, First-Out)","FIFO (First-In, First-Out)",Random Access,option2,"Verified evaluation concept for Stacks - LIFO confirming 'LIFO (Last-In, First-Out)' as correct.",Stacks,1
DSA_139,2,Intermediate,[Intermediate Q-139] What is the average search time complexity in a perfectly balanced Binary Search Tree (BST)?,O(1),O(log n),O(n log n),O(n),option2,Verified evaluation concept for Trees - BST Search confirming 'O(log n)' as correct.,Trees,1
DSA_140,2,Intermediate,[Intermediate Q-140] Which data structure is fundamentally utilized to implement Breadth-First Search (BFS)?,Priority Queue,Queue,Min-Heap,Stack,option2,Verified evaluation concept for Graphs - BFS Structure confirming 'Queue' as correct.,Graphs,1
DSA_141,2,Intermediate,[Intermediate Q-141] What is the worst-case time complexity of linear search on an array of size n?,O(n log n),O(n),O(1),O(log n),option2,Verified evaluation concept for Arrays - Time Complexity confirming 'O(n)' as correct.,Arrays,1
DSA_142,2,Intermediate,[Intermediate Q-142] What is the key structural benefit of a Linked List over a static array?,Automatic sorting during insertion.,O(1) continuous random access indexing.,Dynamic size allocation and efficient insertions.,Lower memory overhead per element.,option3,Verified evaluation concept for Linked Lists - Dynamic Size confirming 'Dynamic size allocation and efficient insertions.' as correct.,Linked Lists,1
DSA_143,2,Intermediate,[Intermediate Q-143] Which principal pattern does a standard stack structure strictly observe?,"LIFO (Last-In, First-Out)","FIFO (First-In, First-Out)",Random Access,Priority-based processing,option1,"Verified evaluation concept for Stacks - LIFO confirming 'LIFO (Last-In, First-Out)' as correct.",Stacks,1
DSA_144,2,Intermediate,[Intermediate Q-144] What is the average search time complexity in a perfectly balanced Binary Search Tree (BST)?,O(log n),O(n),O(n log n),O(1),option1,Verified evaluation concept for Trees - BST Search confirming 'O(log n)' as correct.,Trees,1
DSA_145,2,Intermediate,[Intermediate Q-145] Which data structure is fundamentally utilized to implement Breadth-First Search (BFS)?,Queue,Priority Queue,Stack,Min-Heap,option1,Verified evaluation concept for Graphs - BFS Structure confirming 'Queue' as correct.,Graphs,1
DSA_146,2,Intermediate,[Intermediate Q-146] What is the worst-case time complexity of linear search on an array of size n?,O(n),O(n log n),O(1),O(log n),option1,Verified evaluation concept for Arrays - Time Complexity confirming 'O(n)' as correct.,Arrays,1
DSA_147,2,Intermediate,[Intermediate Q-147] What is the key structural benefit of a Linked List over a static array?,Lower memory overhead per element.,O(1) continuous random access indexing.,Automatic sorting during insertion.,Dynamic size allocation and efficient insertions.,option4,Verified evaluation concept for Linked Lists - Dynamic Size confirming 'Dynamic size allocation and efficient insertions.' as correct.,Linked Lists,1
DSA_148,2,Intermediate,[Intermediate Q-148] Which principal pattern does a standard stack structure strictly observe?,Priority-based processing,Random Access,"FIFO (First-In, First-Out)","LIFO (Last-In, First-Out)",option4,"Verified evaluation concept for Stacks - LIFO confirming 'LIFO (Last-In, First-Out)' as correct.",Stacks,1
DSA_149,2,Intermediate,[Intermediate Q-149] What is the average search time complexity in a perfectly balanced Binary Search Tree (BST)?,O(log n),O(n),O(n log n),O(1),option1,Verified evaluation concept for Trees - BST Search confirming 'O(log n)' as correct.,Trees,1
DSA_150,2,Intermediate,[Intermediate Q-150] Which data structure is fundamentally utilized to implement Breadth-First Search (BFS)?,Priority Queue,Stack,Min-Heap,Queue,option4,Verified evaluation concept for Graphs - BFS Structure confirming 'Queue' as correct.,Graphs,1
DSA_151,2,Advanced,[Advanced Q-151] What is the worst-case time complexity of linear search on an array of size n?,O(log n),O(n),O(n log n),O(1),option2,Verified evaluation concept for Arrays - Time Complexity confirming 'O(n)' as correct.,Arrays,1
DSA_152,2,Advanced,[Advanced Q-152] What is the key structural benefit of a Linked List over a static array?,Dynamic size allocation and efficient insertions.,Lower memory overhead per element.,Automatic sorting during insertion.,O(1) continuous random access indexing.,option1,Verified evaluation concept for Linked Lists - Dynamic Size confirming 'Dynamic size allocation and efficient insertions.' as correct.,Linked Lists,1
DSA_153,2,Advanced,[Advanced Q-153] Which principal pattern does a standard stack structure strictly observe?,"FIFO (First-In, First-Out)",Priority-based processing,"LIFO (Last-In, First-Out)",Random Access,option3,"Verified evaluation concept for Stacks - LIFO confirming 'LIFO (Last-In, First-Out)' as correct.",Stacks,1
DSA_154,2,Advanced,[Advanced Q-154] What is the average search time complexity in a perfectly balanced Binary Search Tree (BST)?,O(n log n),O(1),O(n),O(log n),option4,Verified evaluation concept for Trees - BST Search confirming 'O(log n)' as correct.,Trees,1
DSA_155,2,Advanced,[Advanced Q-155] Which data structure is fundamentally utilized to implement Breadth-First Search (BFS)?,Min-Heap,Queue,Stack,Priority Queue,option2,Verified evaluation concept for Graphs - BFS Structure confirming 'Queue' as correct.,Graphs,1
DSA_156,2,Advanced,[Advanced Q-156] What is the worst-case time complexity of linear search on an array of size n?,O(1),O(n log n),O(n),O(log n),option3,Verified evaluation concept for Arrays - Time Complexity confirming 'O(n)' as correct.,Arrays,1
DSA_157,2,Advanced,[Advanced Q-157] What is the key structural benefit of a Linked List over a static array?,Dynamic size allocation and efficient insertions.,O(1) continuous random access indexing.,Lower memory overhead per element.,Automatic sorting during insertion.,option1,Verified evaluation concept for Linked Lists - Dynamic Size confirming 'Dynamic size allocation and efficient insertions.' as correct.,Linked Lists,1
DSA_158,2,Advanced,[Advanced Q-158] Which principal pattern does a standard stack structure strictly observe?,Priority-based processing,"FIFO (First-In, First-Out)","LIFO (Last-In, First-Out)",Random Access,option3,"Verified evaluation concept for Stacks - LIFO confirming 'LIFO (Last-In, First-Out)' as correct.",Stacks,1
DSA_159,2,Advanced,[Advanced Q-159] What is the average search time complexity in a perfectly balanced Binary Search Tree (BST)?,O(1),O(n),O(log n),O(n log n),option3,Verified evaluation concept for Trees - BST Search confirming 'O(log n)' as correct.,Trees,1
DSA_160,2,Advanced,[Advanced Q-160] Which data structure is fundamentally utilized to implement Breadth-First Search (BFS)?,Stack,Priority Queue,Queue,Min-Heap,option3,Verified evaluation concept for Graphs - BFS Structure confirming 'Queue' as correct.,Graphs,1
DSA_161,2,Advanced,[Advanced Q-161] What is the worst-case time complexity of linear search on an array of size n?,O(n log n),O(n),O(log n),O(1),option2,Verified evaluation concept for Arrays - Time Complexity confirming 'O(n)' as correct.,Arrays,1
DSA_162,2,Advanced,[Advanced Q-162] What is the key structural benefit of a Linked List over a static array?,Lower memory overhead per element.,Dynamic size allocation and efficient insertions.,Automatic sorting during insertion.,O(1) continuous random access indexing.,option2,Verified evaluation concept for Linked Lists - Dynamic Size confirming 'Dynamic size allocation and efficient insertions.' as correct.,Linked Lists,1
DSA_163,2,Advanced,[Advanced Q-163] Which principal pattern does a standard stack structure strictly observe?,Priority-based processing,"FIFO (First-In, First-Out)","LIFO (Last-In, First-Out)",Random Access,option3,"Verified evaluation concept for Stacks - LIFO confirming 'LIFO (Last-In, First-Out)' as correct.",Stacks,1
DSA_164,2,Advanced,[Advanced Q-164] What is the average search time complexity in a perfectly balanced Binary Search Tree (BST)?,O(log n),O(1),O(n log n),O(n),option1,Verified evaluation concept for Trees - BST Search confirming 'O(log n)' as correct.,Trees,1
DSA_165,2,Advanced,[Advanced Q-165] Which data structure is fundamentally utilized to implement Breadth-First Search (BFS)?,Min-Heap,Stack,Priority Queue,Queue,option4,Verified evaluation concept for Graphs - BFS Structure confirming 'Queue' as correct.,Graphs,1
DSA_166,2,Advanced,[Advanced Q-166] What is the worst-case time complexity of linear search on an array of size n?,O(n),O(1),O(log n),O(n log n),option1,Verified evaluation concept for Arrays - Time Complexity confirming 'O(n)' as correct.,Arrays,1
DSA_167,2,Advanced,[Advanced Q-167] What is the key structural benefit of a Linked List over a static array?,Lower memory overhead per element.,Automatic sorting during insertion.,Dynamic size allocation and efficient insertions.,O(1) continuous random access indexing.,option3,Verified evaluation concept for Linked Lists - Dynamic Size confirming 'Dynamic size allocation and efficient insertions.' as correct.,Linked Lists,1
DSA_168,2,Advanced,[Advanced Q-168] Which principal pattern does a standard stack structure strictly observe?,"LIFO (Last-In, First-Out)",Priority-based processing,Random Access,"FIFO (First-In, First-Out)",option1,"Verified evaluation concept for Stacks - LIFO confirming 'LIFO (Last-In, First-Out)' as correct.",Stacks,1
DSA_169,2,Advanced,[Advanced Q-169] What is the average search time complexity in a perfectly balanced Binary Search Tree (BST)?,O(n log n),O(1),O(n),O(log n),option4,Verified evaluation concept for Trees - BST Search confirming 'O(log n)' as correct.,Trees,1
DSA_170,2,Advanced,[Advanced Q-170] Which data structure is fundamentally utilized to implement Breadth-First Search (BFS)?,Queue,Priority Queue,Min-Heap,Stack,option1,Verified evaluation concept for Graphs - BFS Structure confirming 'Queue' as correct.,Graphs,1
DSA_171,2,Advanced,[Advanced Q-171] What is the worst-case time complexity of linear search on an array of size n?,O(1),O(log n),O(n log n),O(n),option4,Verified evaluation concept for Arrays - Time Complexity confirming 'O(n)' as correct.,Arrays,1
DSA_172,2,Advanced,[Advanced Q-172] What is the key structural benefit of a Linked List over a static array?,Lower memory overhead per element.,O(1) continuous random access indexing.,Dynamic size allocation and efficient insertions.,Automatic sorting during insertion.,option3,Verified evaluation concept for Linked Lists - Dynamic Size confirming 'Dynamic size allocation and efficient insertions.' as correct.,Linked Lists,1
DSA_173,2,Advanced,[Advanced Q-173] Which principal pattern does a standard stack structure strictly observe?,"FIFO (First-In, First-Out)",Random Access,Priority-based processing,"LIFO (Last-In, First-Out)",option4,"Verified evaluation concept for Stacks - LIFO confirming 'LIFO (Last-In, First-Out)' as correct.",Stacks,1
DSA_174,2,Advanced,[Advanced Q-174] What is the average search time complexity in a perfectly balanced Binary Search Tree (BST)?,O(n log n),O(log n),O(1),O(n),option2,Verified evaluation concept for Trees - BST Search confirming 'O(log n)' as correct.,Trees,1
DSA_175,2,Advanced,[Advanced Q-175] Which data structure is fundamentally utilized to implement Breadth-First Search (BFS)?,Min-Heap,Priority Queue,Stack,Queue,option4,Verified evaluation concept for Graphs - BFS Structure confirming 'Queue' as correct.,Graphs,1
DSA_176,2,Advanced,[Advanced Q-176] What is the worst-case time complexity of linear search on an array of size n?,O(n log n),O(log n),O(n),O(1),option3,Verified evaluation concept for Arrays - Time Complexity confirming 'O(n)' as correct.,Arrays,1
DSA_177,2,Advanced,[Advanced Q-177] What is the key structural benefit of a Linked List over a static array?,Dynamic size allocation and efficient insertions.,O(1) continuous random access indexing.,Lower memory overhead per element.,Automatic sorting during insertion.,option1,Verified evaluation concept for Linked Lists - Dynamic Size confirming 'Dynamic size allocation and efficient insertions.' as correct.,Linked Lists,1
DSA_178,2,Advanced,[Advanced Q-178] Which principal pattern does a standard stack structure strictly observe?,Random Access,"FIFO (First-In, First-Out)",Priority-based processing,"LIFO (Last-In, First-Out)",option4,"Verified evaluation concept for Stacks - LIFO confirming 'LIFO (Last-In, First-Out)' as correct.",Stacks,1
DSA_179,2,Advanced,[Advanced Q-179] What is the average search time complexity in a perfectly balanced Binary Search Tree (BST)?,O(n log n),O(n),O(log n),O(1),option3,Verified evaluation concept for Trees - BST Search confirming 'O(log n)' as correct.,Trees,1
DSA_180,2,Advanced,[Advanced Q-180] Which data structure is fundamentally utilized to implement Breadth-First Search (BFS)?,Min-Heap,Priority Queue,Stack,Queue,option4,Verified evaluation concept for Graphs - BFS Structure confirming 'Queue' as correct.,Graphs,1
DSA_181,2,Advanced,[Advanced Q-181] What is the worst-case time complexity of linear search on an array of size n?,O(log n),O(n),O(1),O(n log n),option2,Verified evaluation concept for Arrays - Time Complexity confirming 'O(n)' as correct.,Arrays,1
DSA_182,2,Advanced,[Advanced Q-182] What is the key structural benefit of a Linked List over a static array?,Automatic sorting during insertion.,Lower memory overhead per element.,O(1) continuous random access indexing.,Dynamic size allocation and efficient insertions.,option4,Verified evaluation concept for Linked Lists - Dynamic Size confirming 'Dynamic size allocation and efficient insertions.' as correct.,Linked Lists,1
DSA_183,2,Advanced,[Advanced Q-183] Which principal pattern does a standard stack structure strictly observe?,"LIFO (Last-In, First-Out)","FIFO (First-In, First-Out)",Priority-based processing,Random Access,option1,"Verified evaluation concept for Stacks - LIFO confirming 'LIFO (Last-In, First-Out)' as correct.",Stacks,1
DSA_184,2,Advanced,[Advanced Q-184] What is the average search time complexity in a perfectly balanced Binary Search Tree (BST)?,O(log n),O(n log n),O(1),O(n),option1,Verified evaluation concept for Trees - BST Search confirming 'O(log n)' as correct.,Trees,1
DSA_185,2,Advanced,[Advanced Q-185] Which data structure is fundamentally utilized to implement Breadth-First Search (BFS)?,Min-Heap,Stack,Queue,Priority Queue,option3,Verified evaluation concept for Graphs - BFS Structure confirming 'Queue' as correct.,Graphs,1
DSA_186,2,Advanced,[Advanced Q-186] What is the worst-case time complexity of linear search on an array of size n?,O(n log n),O(1),O(log n),O(n),option4,Verified evaluation concept for Arrays - Time Complexity confirming 'O(n)' as correct.,Arrays,1
DSA_187,2,Advanced,[Advanced Q-187] What is the key structural benefit of a Linked List over a static array?,Automatic sorting during insertion.,Dynamic size allocation and efficient insertions.,O(1) continuous random access indexing.,Lower memory overhead per element.,option2,Verified evaluation concept for Linked Lists - Dynamic Size confirming 'Dynamic size allocation and efficient insertions.' as correct.,Linked Lists,1
DSA_188,2,Advanced,[Advanced Q-188] Which principal pattern does a standard stack structure strictly observe?,Random Access,Priority-based processing,"FIFO (First-In, First-Out)","LIFO (Last-In, First-Out)",option4,"Verified evaluation concept for Stacks - LIFO confirming 'LIFO (Last-In, First-Out)' as correct.",Stacks,1
DSA_189,2,Advanced,[Advanced Q-189] What is the average search time complexity in a perfectly balanced Binary Search Tree (BST)?,O(n),O(1),O(n log n),O(log n),option4,Verified evaluation concept for Trees - BST Search confirming 'O(log n)' as correct.,Trees,1
DSA_190,2,Advanced,[Advanced Q-190] Which data structure is fundamentally utilized to implement Breadth-First Search (BFS)?,Queue,Min-Heap,Stack,Priority Queue,option1,Verified evaluation concept for Graphs - BFS Structure confirming 'Queue' as correct.,Graphs,1
DSA_191,2,Advanced,[Advanced Q-191] What is the worst-case time complexity of linear search on an array of size n?,O(1),O(log n),O(n),O(n log n),option3,Verified evaluation concept for Arrays - Time Complexity confirming 'O(n)' as correct.,Arrays,1
DSA_192,2,Advanced,[Advanced Q-192] What is the key structural benefit of a Linked List over a static array?,Lower memory overhead per element.,Dynamic size allocation and efficient insertions.,Automatic sorting during insertion.,O(1) continuous random access indexing.,option2,Verified evaluation concept for Linked Lists - Dynamic Size confirming 'Dynamic size allocation and efficient insertions.' as correct.,Linked Lists,1
DSA_193,2,Advanced,[Advanced Q-193] Which principal pattern does a standard stack structure strictly observe?,"FIFO (First-In, First-Out)",Priority-based processing,"LIFO (Last-In, First-Out)",Random Access,option3,"Verified evaluation concept for Stacks - LIFO confirming 'LIFO (Last-In, First-Out)' as correct.",Stacks,1
DSA_194,2,Advanced,[Advanced Q-194] What is the average search time complexity in a perfectly balanced Binary Search Tree (BST)?,O(n),O(log n),O(1),O(n log n),option2,Verified evaluation concept for Trees - BST Search confirming 'O(log n)' as correct.,Trees,1
DSA_195,2,Advanced,[Advanced Q-195] Which data structure is fundamentally utilized to implement Breadth-First Search (BFS)?,Min-Heap,Priority Queue,Stack,Queue,option4,Verified evaluation concept for Graphs - BFS Structure confirming 'Queue' as correct.,Graphs,1
DSA_196,2,Advanced,[Advanced Q-196] What is the worst-case time complexity of linear search on an array of size n?,O(1),O(n),O(log n),O(n log n),option2,Verified evaluation concept for Arrays - Time Complexity confirming 'O(n)' as correct.,Arrays,1
DSA_197,2,Advanced,[Advanced Q-197] What is the key structural benefit of a Linked List over a static array?,Lower memory overhead per element.,Automatic sorting during insertion.,Dynamic size allocation and efficient insertions.,O(1) continuous random access indexing.,option3,Verified evaluation concept for Linked Lists - Dynamic Size confirming 'Dynamic size allocation and efficient insertions.' as correct.,Linked Lists,1
DSA_198,2,Advanced,[Advanced Q-198] Which principal pattern does a standard stack structure strictly observe?,Priority-based processing,"LIFO (Last-In, First-Out)",Random Access,"FIFO (First-In, First-Out)",option2,"Verified evaluation concept for Stacks - LIFO confirming 'LIFO (Last-In, First-Out)' as correct.",Stacks,1
DSA_199,2,Advanced,[Advanced Q-199] What is the average search time complexity in a perfectly balanced Binary Search Tree (BST)?,O(n),O(log n),O(1),O(n log n),option2,Verified evaluation concept for Trees - BST Search confirming 'O(log n)' as correct.,Trees,1
DSA_200,2,Advanced,[Advanced Q-200] Which data structure is fundamentally utilized to implement Breadth-First Search (BFS)?,Stack,Min-Heap,Priority Queue,Queue,option4,Verified evaluation concept for Graphs - BFS Structure confirming 'Queue' as correct.,Graphs,1
